{
    "name": "root",
    "metadata": {
        "timer_format_version": "0.1.0",
        "start_time_seconds": "1721729213",
        "python_version": "3.9.13 (tags/v3.9.13:6de2ca5, May 17 2022, 16:36:42) [MSC v.1929 64 bit (AMD64)]",
        "command_line_arguments": "C:\\Users\\kamra\\OneDrive\\\u0388\u03b3\u03b3\u03c1\u03b1\u03c6\u03b1\\Github\\MLProject\\venv\\Scripts\\mlagents-learn trainer_config.yaml --run-id=my_first_run",
        "mlagents_version": "0.30.0",
        "mlagents_envs_version": "0.30.0",
        "communication_protocol_version": "1.5.0",
        "pytorch_version": "2.3.1+cpu",
        "numpy_version": "1.21.2",
        "end_time_seconds": "1721729520"
    },
    "total": 307.4372421,
    "count": 1,
    "self": 0.0036193999999909465,
    "children": {
        "run_training.setup": {
            "total": 0.060947299999999816,
            "count": 1,
            "self": 0.060947299999999816
        },
        "TrainerController.start_learning": {
            "total": 307.3726754,
            "count": 1,
            "self": 0.3237403999975754,
            "children": {
                "TrainerController._reset_env": {
                    "total": 20.266909000000002,
                    "count": 1,
                    "self": 20.266909000000002
                },
                "TrainerController.advance": {
                    "total": 286.7271733000024,
                    "count": 29848,
                    "self": 0.30429249999792773,
                    "children": {
                        "env_step": {
                            "total": 271.65083060000416,
                            "count": 29848,
                            "self": 251.15661429999756,
                            "children": {
                                "SubprocessEnvManager._take_step": {
                                    "total": 20.188268000003784,
                                    "count": 29848,
                                    "self": 0.9598944000011009,
                                    "children": {
                                        "TorchPolicy.evaluate": {
                                            "total": 19.228373600002683,
                                            "count": 29841,
                                            "self": 19.228373600002683
                                        }
                                    }
                                },
                                "workers": {
                                    "total": 0.30594830000280737,
                                    "count": 29847,
                                    "self": 0.0,
                                    "children": {
                                        "worker_root": {
                                            "total": 282.4763834999995,
                                            "count": 29847,
                                            "is_parallel": true,
                                            "self": 51.8254330000014,
                                            "children": {
                                                "steps_from_proto": {
                                                    "total": 0.02362450000000038,
                                                    "count": 1,
                                                    "is_parallel": true,
                                                    "self": 8.840000000276405e-05,
                                                    "children": {
                                                        "_process_maybe_compressed_observation": {
                                                            "total": 0.02338039999999708,
                                                            "count": 2,
                                                            "is_parallel": true,
                                                            "self": 2.6999999999333113e-05,
                                                            "children": {
                                                                "_observation_to_np_array": {
                                                                    "total": 0.023353399999997748,
                                                                    "count": 1,
                                                                    "is_parallel": true,
                                                                    "self": 2.0399999996811857e-05,
                                                                    "children": {
                                                                        "process_pixels": {
                                                                            "total": 0.023333000000000936,
                                                                            "count": 1,
                                                                            "is_parallel": true,
                                                                            "self": 0.0001219000000034498,
                                                                            "children": {
                                                                                "image_decompress": {
                                                                                    "total": 0.023211099999997487,
                                                                                    "count": 1,
                                                                                    "is_parallel": true,
                                                                                    "self": 0.023211099999997487
                                                                                }
                                                                            }
                                                                        }
                                                                    }
                                                                }
                                                            }
                                                        },
                                                        "_process_rank_one_or_two_observation": {
                                                            "total": 0.00015570000000053597,
                                                            "count": 4,
                                                            "is_parallel": true,
                                                            "self": 0.00015570000000053597
                                                        }
                                                    }
                                                },
                                                "UnityEnvironment.step": {
                                                    "total": 230.62732599999808,
                                                    "count": 29847,
                                                    "is_parallel": true,
                                                    "self": 1.3800406999995687,
                                                    "children": {
                                                        "UnityEnvironment._generate_step_input": {
                                                            "total": 1.0113781999972886,
                                                            "count": 29847,
                                                            "is_parallel": true,
                                                            "self": 1.0113781999972886
                                                        },
                                                        "communicator.exchange": {
                                                            "total": 219.58198400000043,
                                                            "count": 29847,