{
    "name": "root",
    "gauges": {
        "PlayerMove.Policy.Entropy.mean": {
            "value": 1.4064319133758545,
            "min": 1.4064319133758545,
            "max": 1.418938398361206,
            "count": 10
        },
        "PlayerMove.Policy.Entropy.sum": {
            "value": 70313.15625,
            "min": 70131.234375,
            "max": 71186.71875,
            "count": 10
        },
        "PlayerMove.Environment.EpisodeLength.mean": {
            "value": 303.87857142857143,
            "min": 113.63657407407408,
            "max": 303.87857142857143,
            "count": 10
        },
        "PlayerMove.Environment.EpisodeLength.sum": {
            "value": 42543.0,
            "min": 42114.0,
            "max": 50413.0,
            "count": 10
        },
        "PlayerMove.Step.mean": {
            "value": 499938.0,
            "min": 49971.0,
            "max": 499938.0,
            "count": 10
        },
        "PlayerMove.Step.sum": {
            "value": 499938.0,
            "min": 49971.0,
            "max": 499938.0,
            "count": 10
        },
        "PlayerMove.Policy.ExtrinsicValueEstimate.mean": {
            "value": 23291.90234375,
            "min": 0.3049556612968445,
            "max": 23291.90234375,
            "count": 10
        },
        "PlayerMove.Policy.ExtrinsicValueEstimate.sum": {
            "value": 19704950.0,
            "min": 286.2198486328125,
            "max": 19704950.0,
            "count": 10
        },
        "PlayerMove.Environment.CumulativeReward.mean": {
            "value": 4.492857142857143,
            "min": -0.4236111111111111,
            "max": 8.318181818181818,
            "count": 10
        },
        "PlayerMove.Environment.CumulativeReward.sum": {
            "value": 629.0,
            "min": -183.0,
            "max": 1464.0,
            "count": 10
        },
        "PlayerMove.Policy.ExtrinsicReward.mean": {
            "value": 4.492857142857143,
            "min": -0.4236111111111111,
            "max": 8.318181818181818,
            "count": 10
        },
        "PlayerMove.Policy.ExtrinsicReward.sum": {
            "value": 629.0,
            "min": -183.0,
            "max": 1464.0,
            "count": 10
        },
        "PlayerMove.IsTraining.mean": {
            "value": 1.0,
            "min": 1.0,
            "max": 1.0,
            "count": 10
        },
        "PlayerMove.IsTraining.sum": {
            "value": 1.0,
            "min": 1.0,
            "max": 1.0,
            "count": 10
        },
        "PlayerMove.Losses.PolicyLoss.mean": {
            "value": 0.024769680813834485,
            "min": 0.016026841765172623,
            "max": 0.024769680813834485,
            "count": 4
        },
        "PlayerMove.Losses.PolicyLoss.sum": {
            "value": 0.024769680813834485,
            "min": 0.016026841765172623,
            "max": 0.024769680813834485,
            "count": 4
        },
        "PlayerMove.Losses.ValueLoss.mean": {
            "value": 277694.82758246525,
            "min": 0.2573974353985654,
            "max": 277694.82758246525,
            "count": 4
        },
        "PlayerMove.Losses.ValueLoss.sum": {
            "value": 277694.82758246525,
            "min": 0.2573974353985654,
            "max": 277694.82758246525,
            "count": 4
        },
        "PlayerMove.Policy.LearningRate.mean": {
            "value": 1.9966880033199994e-05,
            "min": 1.9966880033199994e-05,
            "max": 7.99912200088e-05,
            "count": 4
        },
        "PlayerMove.Policy.LearningRate.sum": {
            "value": 1.9966880033199994e-05,
            "min": 1.9966880033199994e-05,
            "max": 7.99912200088e-05,
            "count": 4
        },
        "PlayerMove.Policy.Epsilon.mean": {
            "value": 0.1399336,
            "min": 0.1399336,
            "max": 0.25998239999999995,
            "count": 4
        },
        "PlayerMove.Policy.Epsilon.sum": {
            "value": 0.1399336,
            "min": 0.1399336,
            "max": 0.25998239999999995,
            "count": 4
        },
        "PlayerMove.Policy.Beta.mean": {
            "value": 0.00040733932,
            "min": 0.00040733932,
            "max": 0.00160182488,
            "count": 4
        },
        "PlayerMove.Policy.Beta.sum": {
            "value": 0.00040733932,
            "min": 0.00040733932,
            "max": 0.00160182488,
            "count": 4
        }
    },
    "metadata": {
        "timer_format_version": "0.1.0",
        "start_time_seconds": "1721763826",
        "python_version": "3.9.13 (tags/v3.9.13:6de2ca5, May 17 2022, 16:36:42) [MSC v.1929 64 bit (AMD64)]",
        "command_line_arguments": "C:\\Users\\kamra\\Documents\\Github\\MLProject\\venv\\Scripts\\mlagents-learn alternative_config.yaml --run-id=no_camera_alternative_PPO",
        "mlagents_version": "0.30.0",
        "mlagents_envs_version": "0.30.0",
        "communication_protocol_version": "1.5.0",
        "pytorch_version": "2.3.1+cpu",
        "numpy_version": "1.21.2",
        "end_time_seconds": "1721765352"
    },
    "total": 1523.7502125,
    "count": 1,
    "self": 0.004861300000129631,
    "children": {
        "run_training.setup": {
            "total": 0.061494999999999855,
            "count": 1,
            "self": 0.061494999999999855
        },
        "TrainerController.start_learning": {
            "total": 1523.6838562,
            "count": 1,
            "self": 1.1232656999948176,
            "children": {
                "TrainerController._reset_env": {
                    "total": 8.640529,
                    "count": 1,
                    "self": 8.640529
                },
                "TrainerController.advance": {
                    "total": 1513.846954000005,
                    "count": 73500,
                    "self": 0.9783589999876767,
                    "children": {
                        "env_step": {
                            "total": 1298.2124941000186,
                            "count": 73500,
                            "self": 1222.5197122000168,
                            "children": {
                                "SubprocessEnvManager._take_step": {
                                    "total": 74.59661430000054,
                                    "count": 73500,
                                    "self": 2.891841000016939,
                                    "children": {
                                        "TorchPolicy.evaluate": {
                                            "total": 71.7047732999836,
                                            "count": 71458,
                                            "self": 71.7047732999836
                                        }
                                    }
                                },
                                "workers": {
                                    "total": 1.0961676000013245,
                                    "count": 73500,
                                    "self": 0.0,
                                    "children": {
                                        "worker_root": {
                                            "total": 1513.9560375000326,
                                            "count": 73500,
                                            "is_parallel": true,
                                            "self": 380.9353779000339,
                                            "children": {
                                                "steps_from_proto": {
                                                    "total": 0.011169699999999949,
                                                    "count": 1,
                                                    "is_parallel": true,
                                                    "self": 8.369999999935374e-05,