{
    "name": "root",
    "gauges": {
        "PlayerMove.Policy.Entropy.mean": {
            "value": 1.3735610246658325,
            "min": 1.3735610246658325,
            "max": 1.4141772985458374,
            "count": 10
        },
        "PlayerMove.Policy.Entropy.sum": {
            "value": 68698.65625,
            "min": 68669.0234375,
            "max": 70957.7578125,
            "count": 10
        },
        "PlayerMove.Environment.EpisodeLength.mean": {
            "value": 214.2929292929293,
            "min": 97.788,
            "max": 258.87179487179486,
            "count": 10
        },
        "PlayerMove.Environment.EpisodeLength.sum": {
            "value": 42430.0,
            "min": 40384.0,
            "max": 48894.0,
            "count": 10
        },
        "PlayerMove.Step.mean": {
            "value": 499959.0,
            "min": 49970.0,
            "max": 499959.0,
            "count": 10
        },
        "PlayerMove.Step.sum": {
            "value": 499959.0,
            "min": 49970.0,
            "max": 499959.0,
            "count": 10
        },
        "PlayerMove.Policy.ExtrinsicValueEstimate.mean": {
            "value": 1645.172607421875,
            "min": 0.14071448147296906,
            "max": 6762.24169921875,
            "count": 10
        },
        "PlayerMove.Policy.ExtrinsicValueEstimate.sum": {
            "value": 1441171.25,
            "min": 142.54376220703125,
            "max": 5950772.5,
            "count": 10
        },
        "PlayerMove.Environment.CumulativeReward.mean": {
            "value": 2.494949494949495,
            "min": 0.194,
            "max": 4.068965517241379,
            "count": 10
        },
        "PlayerMove.Environment.CumulativeReward.sum": {
            "value": 494.0,
            "min": 97.0,
            "max": 1062.0,
            "count": 10
        },
        "PlayerMove.Policy.ExtrinsicReward.mean": {
            "value": 2.494949494949495,
            "min": 0.194,
            "max": 4.068965517241379,
            "count": 10
        },
        "PlayerMove.Policy.ExtrinsicReward.sum": {
            "value": 494.0,
            "min": 97.0,
            "max": 1062.0,
            "count": 10
        },
        "PlayerMove.Losses.PolicyLoss.mean": {
            "value": 0.03695381815545261,
            "min": 0.0221237298916094,
            "max": 0.05377784695165853,
            "count": 10
        },
        "PlayerMove.Losses.PolicyLoss.sum": {
            "value": 0.18476909077726303,
            "min": 0.0884949195664376,
            "max": 0.26888923475829263,
            "count": 10
        },
        "PlayerMove.Losses.ValueLoss.mean": {
            "value": 206355.77755208334,
            "min": 0.11614251881837845,
            "max": 81135489.0978125,
            "count": 10
        },
        "PlayerMove.Losses.ValueLoss.sum": {
            "value": 1031778.8877604167,
            "min": 0.4645700752735138,
            "max": 405677445.4890625,
            "count": 10
        },
        "PlayerMove.Policy.LearningRate.mean": {
            "value": 1.6349734550119998e-05,
            "min": 1.6349734550119998e-05,
            "max": 0.00028460295513235,
            "count": 10
        },
        "PlayerMove.Policy.LearningRate.sum": {
            "value": 8.174867275059998e-05,
            "min": 8.174867275059998e-05,
            "max": 0.0012841758719414002,
            "count": 10
        },
        "PlayerMove.Policy.Epsilon.mean": {
            "value": 0.10544988000000002,
            "min": 0.10544988000000002,
            "max": 0.19486765,
            "count": 10
        },
        "PlayerMove.Policy.Epsilon.sum": {
            "value": 0.5272494000000001,
            "min": 0.4999264,
            "max": 0.9280585999999997,
            "count": 10
        },
        "PlayerMove.Policy.Beta.mean": {
            "value": 0.00028194901200000004,
            "min": 0.00028194901200000004,
            "max": 0.004743895735,
            "count": 10
        },
        "PlayerMove.Policy.Beta.sum": {
            "value": 0.0014097450600000002,
            "min": 0.0014097450600000002,
            "max": 0.02141012414,
            "count": 10
        },
        "PlayerMove.IsTraining.mean": {
            "value": 1.0,
            "min": 1.0,
            "max": 1.0,
            "count": 10
        },
        "PlayerMove.IsTraining.sum": {
            "value": 1.0,
            "min": 1.0,
            "max": 1.0,
            "count": 10
        }
    },
    "metadata": {
        "timer_format_version": "0.1.0",
        "start_time_seconds": "1721756105",
        "python_version": "3.9.13 (tags/v3.9.13:6de2ca5, May 17 2022, 16:36:42) [MSC v.1929 64 bit (AMD64)]",
        "command_line_arguments": "C:\\Users\\kamra\\Documents\\Github\\MLProject\\venv\\Scripts\\mlagents-learn --run-id=normal_run_default_PPO2",
        "mlagents_version": "0.30.0",
        "mlagents_envs_version": "0.30.0",
        "communication_protocol_version": "1.5.0",
        "pytorch_version": "2.3.1+cpu",
        "numpy_version": "1.21.2",
        "end_time_seconds": "1721757353"
    },
    "total": 1247.3726571000002,
    "count": 1,
    "self": 0.006051400000160356,
    "children": {
        "run_training.setup": {
            "total": 0.017644899999999852,
            "count": 1,
            "self": 0.017644899999999852
        },
        "TrainerController.start_learning": {
            "total": 1247.3489608,
            "count": 1,
            "self": 1.0172246000095129,
            "children": {
                "TrainerController._reset_env": {
                    "total": 9.305959099999999,
                    "count": 1,
                    "self": 9.305959099999999
                },
                "TrainerController.advance": {
                    "total": 1236.9806456999904,
                    "count": 73243,
                    "self": 0.902554299977055,
                    "children": {
                        "env_step": {
                            "total": 1089.826248100004,
                            "count": 73243,
                            "self": 1028.2387145999646,
                            "children": {
                                "SubprocessEnvManager._take_step": {
                                    "total": 60.608410000021685,
                                    "count": 73243,
                                    "self": 2.6959844000297792,
                                    "children": {
                                        "TorchPolicy.evaluate": {
                                            "total": 57.912425599991906,
                                            "count": 71457,
                                            "self": 57.912425599991906
                                        }
                                    }
                                },
                                "workers": {
                                    "total": 0.9791235000176695,
                                    "count": 73243,
                                    "self": 0.0,
                                    "children": {
                                        "worker_root": {
                                            "total": 1237.1793688999894,
                                            "count": 73243,
                                            "is_parallel": true,
                                            "self": 265.4408473999864,
                                            "children": {
                                                "steps_from_proto": {
                                                    "total": 0.00979510000000161,
                                                    "count": 1,
                                                    "is_parallel": true,
                                                    "self": 8.390000000169096e-05,